source,target,sim
0,14,0.808580219745636
0,23,0.7991760969161987
0,25,0.7288801670074463
0,26,0.8320680856704712
0,27,0.7591209411621094
0,35,0.77489173412323
0,47,0.7382544279098511
0,48,0.8327429890632629
0,101,0.82748943567276
0,128,0.8513051867485046
0,130,0.8120741248130798
0,145,0.824413001537323
0,146,0.7889375686645508
0,151,0.8085365295410156
0,152,0.8161668181419373
0,153,0.8039208650588989
0,156,0.8092498779296875
0,161,0.8164975047111511
0,162,0.8055835962295532
0,163,0.7526627779006958
0,165,0.8112614154815674
0,166,0.7524702548980713
0,167,0.8326667547225952
0,169,0.7183692455291748
0,183,0.7524850368499756
0,184,0.8383670449256897
0,187,0.7600293159484863
0,195,0.7709570527076721
0,196,0.7932507395744324
0,199,0.7411180734634399
1,4,0.7854740619659424
1,7,0.7340632677078247
1,9,0.849515438079834
1,10,0.8102104663848877
1,15,0.8230730295181274
1,20,0.8086341023445129
1,23,0.7833216190338135
1,24,0.8224616050720215
1,39,0.787321925163269
1,40,0.7878328561782837
1,44,0.8000328540802002
1,100,0.8024545907974243
1,129,0.8274814486503601
1,143,0.8005602955818176
1,155,0.7846136689186096
1,185,0.8011692762374878
2,3,0.8116097450256348
2,6,0.8231561779975891
2,11,0.8222838044166565
2,12,0.8592182397842407
2,18,0.837670087814331
2,21,0.834748387336731
2,39,0.825088381767273
2,41,0.8381447792053223
2,43,0.8488520383834839
2,44,0.833357572555542
2,53,0.8452239036560059
2,54,0.8370745182037354
2,58,0.7836028337478638
2,72,0.7930662631988525
2,89,0.8308941721916199
2,95,0.8189378976821899
2,100,0.853919506072998
2,113,0.8440835475921631
2,115,0.8119679689407349
2,126,0.8267756700515747
2,133,0.8323288559913635
2,135,0.7376346588134766
2,137,0.8425896167755127
2,139,0.8233494162559509
2,141,0.7897707223892212
2,143,0.8334099650382996
2,144,0.8188609480857849
2,149,0.8454969525337219
2,154,0.8155546188354492
2,164,0.7975047826766968
2,199,0.7542091012001038
3,11,0.7931404709815979
3,12,0.8121932744979858
3,19,0.8151789903640747
3,21,0.8184986114501953
3,42,0.7902410626411438
3,44,0.8193194270133972
3,58,0.8024436831474304
3,135,0.838886022567749
3,136,0.788864254951477
3,138,0.8055211305618286
3,139,0.827589750289917
3,143,0.7946804165840149
3,147,0.7904072999954224
3,155,0.8238420486450195
3,177,0.7917536497116089
3,199,0.7832229733467102
4,7,0.7016135454177856
4,8,0.8218436241149902
4,9,0.8294638395309448
4,20,0.8558535575866699
4,29,0.8141124248504639
4,40,0.8654694557189941
4,44,0.8737876415252686
4,54,0.8143246173858643
4,57,0.8209900856018066
4,58,0.7986398935317993
4,62,0.7686339020729065
4,100,0.823365330696106
4,103,0.7656649947166443
4,107,0.789687991142273
4,129,0.861933708190918
4,138,0.8614368438720703
4,140,0.872169017791748
4,147,0.8272556066513062
4,155,0.8215603828430176
4,181,0.8713569641113281
5,8,0.8133694529533386
5,23,0.7981030941009521
5,34,0.7655279636383057
5,37,0.8101046681404114
5,52,0.8274075984954834
5,59,0.8428323268890381
5,63,0.815867006778717
5,70,0.7956899404525757
5,76,0.8246408104896545
5,80,0.8167077898979187
5,87,0.8128751516342163
5,110,0.8297451734542847
5,127,0.8077968955039978
5,132,0.8325000405311584
5,137,0.8818367123603821
5,143,0.850120484828949
5,150,0.857353150844574
5,155,0.8192331790924072
5,175,0.868314266204834
5,190,0.8156863451004028
6,8,0.8277907371520996
6,11,0.8257547616958618
6,12,0.8185807466506958
6,17,0.7579459547996521
6,18,0.8364547491073608
6,21,0.8740702867507935
6,29,0.7997305989265442
6,40,0.8259832859039307
6,42,0.8335066437721252
6,43,0.8203949928283691
6,44,0.9093299508094788
6,54,0.8434149026870728
6,58,0.7898539304733276
6,82,0.8180124759674072
6,86,0.7765096426010132
6,98,0.6799130439758301
6,114,0.8221831917762756
6,119,0.8435064554214478
6,135,0.7316755056381226
6,137,0.8556440472602844
6,139,0.8258000016212463
6,141,0.7819971442222595
6,143,0.8574877977371216
6,147,0.8278408646583557
6,149,0.8107023239135742
6,154,0.8148159980773926
6,155,0.8740076422691345
6,189,0.7986758351325989
6,199,0.7694931030273438
7,9,0.749434232711792
7,10,0.7027807831764221
7,11,0.695449709892273
7,17,0.7481316328048706
7,20,0.6876647472381592
7,21,0.694439172744751
7,24,0.7343558669090271
7,29,0.7679173350334167
7,32,0.7163735032081604
7,44,0.7207028865814209
7,58,0.7124618291854858
7,62,0.695578932762146
7,140,0.7172174453735352
8,9,0.8928177952766418
8,10,0.8058600425720215
8,15,0.8171924352645874
8,17,0.7015114426612854
8,20,0.837665319442749
8,21,0.8311886787414551
8,32,0.8168773651123047
8,40,0.8357220888137817
8,44,0.8602803349494934
8,52,0.8332785367965698
8,57,0.8393039703369141
8,59,0.8293884992599487
8,81,0.7922018766403198
8,82,0.8123111724853516
8,100,0.8316132426261902
8,109,0.8223454356193542
8,110,0.8328480124473572
8,123,0.7242172956466675
8,127,0.8356992602348328
8,137,0.863953709602356
8,140,0.8530669212341309
8,143,0.8392398357391357
8,147,0.8279601335525513
8,190,0.8243168592453003
9,10,0.8571369647979736
9,15,0.84846431016922
9,20,0.899588942527771
9,23,0.8090109825134277
9,24,0.8463692665100098
9,29,0.7930580377578735
9,32,0.818567156791687
9,34,0.7611793279647827
9,40,0.8453832864761353
9,44,0.8728858828544617
9,53,0.8285939693450928
9,59,0.8242102861404419
9,100,0.878509521484375
9,106,0.7904906868934631
9,109,0.8195756673812866
9,120,0.7892926335334778
9,127,0.8176074028015137
9,129,0.8328695893287659
9,133,0.8304077386856079
9,137,0.8448569178581238
9,140,0.8397699594497681
9,143,0.8533209562301636
9,185,0.8101742267608643
9,190,0.8086013793945312
9,194,0.8311232328414917
10,20,0.8190106749534607
10,22,0.8346849679946899
10,23,0.8650961518287659
10,24,0.854732096195221
10,34,0.7891315817832947
10,39,0.8272014856338501
10,44,0.821442723274231
10,54,0.8294100761413574
10,81,0.782569169998169
10,100,0.8249362707138062
10,130,0.8106956481933594
10,143,0.8355690836906433
10,155,0.8133009076118469
10,190,0.8125459551811218
11,12,0.8268498182296753
11,18,0.8375595211982727
11,19,0.8233278393745422
11,21,0.8153221607208252
11,26,0.7980828285217285
11,33,0.7976595163345337
11,34,0.8271000981330872
11,39,0.8508234024047852
11,44,0.8267160654067993
11,58,0.7684680223464966
11,95,0.8046086430549622
11,114,0.8073939085006714
11,115,0.8017169833183289
11,130,0.8007722496986389
11,135,0.7773709893226624
11,136,0.7455007433891296
11,153,0.8180131316184998
11,191,0.7601130604743958
11,199,0.8301191926002502
12,18,0.8022201061248779
12,21,0.8235152959823608
12,40,0.8200343251228333
12,41,0.8345934152603149
12,42,0.8130086660385132
12,44,0.8517096042633057
12,58,0.8017513155937195
12,95,0.8182982206344604
12,106,0.7901826500892639
12,113,0.8171166181564331
12,114,0.8000363707542419
12,116,0.7740938663482666
12,119,0.8132590055465698
12,126,0.8139756321907043
12,135,0.7509588003158569
12,149,0.8173016309738159
12,194,0.8264851570129395
13,19,0.7536031603813171
13,35,0.7912133932113647
13,38,0.7619237303733826
13,48,0.8008251190185547
13,56,0.8618780374526978
13,72,0.784704864025116
13,73,0.7495306730270386
13,94,0.8564603924751282
13,99,0.7621917724609375
13,113,0.7319132685661316
13,142,0.7784764766693115
13,145,0.7440496683120728
13,158,0.7818491458892822
13,182,0.8308725357055664
13,196,0.7304118871688843
14,25,0.7505493760108948
14,26,0.7900050282478333
14,39,0.7619575262069702
14,47,0.7170077562332153
14,48,0.8042214512825012
14,101,0.8435185551643372
14,128,0.7904198169708252
14,130,0.7750318050384521
14,146,0.7704808115959167
14,157,0.6685675382614136
14,161,0.7554695010185242
14,166,0.7860803008079529
14,168,0.7680128216743469
14,181,0.758760929107666
14,184,0.8021246194839478
14,195,0.7806426286697388
14,196,0.7964469194412231
15,20,0.8366426229476929
15,21,0.8359772562980652
15,23,0.7990830540657043
15,24,0.8176389932632446
15,40,0.8418675661087036
15,44,0.8313554525375366
15,54,0.8147149682044983
15,82,0.8139134645462036
15,114,0.8046550750732422
15,119,0.8290042281150818
15,129,0.8157079219818115
15,137,0.8274765610694885
15,143,0.8252626657485962
15,155,0.8266582489013672
15,177,0.810778021812439
16,27,0.7462199926376343
16,30,0.7911781668663025
16,45,0.7877283096313477
16,48,0.7607765197753906
16,49,0.8075059056282043
16,50,0.8203631043434143
16,51,0.8101556897163391
16,60,0.7641335725784302
16,61,0.7520758509635925
16,69,0.755368709564209
16,88,0.7534744739532471
16,93,0.726170539855957
16,105,0.8042342662811279
16,131,0.8067604303359985
16,134,0.7776504755020142
16,176,0.7803320288658142
16,183,0.7855515480041504
16,197,0.7508435845375061
17,21,0.7173659801483154
17,28,0.7043598890304565
17,29,0.7641811370849609
17,44,0.7190988063812256
17,58,0.706515371799469
17,86,0.7166227102279663
17,114,0.7079063653945923
17,121,0.7612888216972351
17,140,0.7003247737884521
17,141,0.7093703746795654
17,143,0.7069293856620789
17,173,0.7376571297645569
18,21,0.8405348062515259
18,22,0.8443835973739624
18,38,0.8016930818557739
18,39,0.7990189790725708
18,44,0.8189269304275513
18,54,0.8023551106452942
18,86,0.766024112701416
18,114,0.8438580632209778
18,137,0.804863691329956
18,141,0.8275713920593262
18,143,0.8138988018035889
18,151,0.7938173413276672
18,155,0.7979589104652405
18,199,0.7516860365867615
19,21,0.813773512840271
19,22,0.7970072031021118
19,27,0.7671725749969482
19,34,0.8212852478027344
19,39,0.8329957723617554
19,115,0.8023343682289124
19,116,0.7773078083992004
19,135,0.7783796191215515
19,136,0.802975594997406
19,139,0.8387105464935303
19,145,0.8069897294044495
19,153,0.7936360836029053
19,156,0.8036927580833435
19,177,0.8313354253768921
19,185,0.7890465259552002
19,188,0.7702294588088989
19,191,0.7877167463302612
19,199,0.7605622410774231
20,21,0.8408020734786987
20,24,0.8217346668243408
20,32,0.8336892127990723
20,39,0.8159750699996948
20,40,0.8786770105361938
20,42,0.8667301535606384
20,44,0.8645856380462646
20,54,0.85658198595047
20,55,0.8136048316955566
20,57,0.8370765447616577
20,100,0.848310649394989
20,102,0.7829749584197998
20,103,0.8109707236289978
20,107,0.7952917218208313
20,129,0.834463357925415
20,143,0.8211477994918823
20,185,0.8055028915405273
21,22,0.8148559927940369
21,24,0.8081693649291992
21,29,0.8117967844009399
21,33,0.782726526260376
21,39,0.8165340423583984
21,40,0.8348113894462585
21,42,0.8497216701507568
21,43,0.8438366651535034
21,44,0.8786057829856873
21,54,0.8552404046058655
21,58,0.780501127243042
21,83,0.8383404016494751
21,98,0.6869019865989685
21,114,0.8011382818222046
21,119,0.8557773232460022
21,135,0.7476732730865479
21,137,0.8524226546287537
21,139,0.8555421829223633
21,141,0.7772963047027588
21,143,0.8352992534637451
21,150,0.8236210346221924
21,155,0.8370580077171326
22,23,0.8600385189056396
22,24,0.8452953100204468
22,27,0.7636465430259705
22,29,0.781511664390564
22,35,0.7978850603103638
22,38,0.834639847278595
22,39,0.8117847442626953
22,47,0.7321075201034546
22,48,0.8128932118415833
22,55,0.7913721203804016
22,65,0.7980598211288452
22,104,0.7700641751289368
22,114,0.8358031511306763
22,127,0.8429449796676636
22,129,0.8095279932022095
22,141,0.8076763153076172
22,143,0.8102670907974243
22,155,0.8110661506652832
22,161,0.7808584570884705
22,183,0.7507489919662476
22,189,0.8204230666160583
22,193,0.7511608600616455
23,24,0.8767528533935547
23,32,0.7980138063430786
23,34,0.7778292894363403
23,39,0.8051790595054626
23,44,0.8009377121925354
23,54,0.8162877559661865
23,55,0.7636003494262695
23,59,0.8019696474075317
23,65,0.7965517640113831
23,81,0.7960201501846313
23,104,0.7698055505752563
23,105,0.8041549324989319
23,127,0.82039475440979
23,129,0.8142057061195374
24,29,0.7884110808372498
24,32,0.8077905774116516
24,35,0.778312087059021
24,40,0.8035485744476318
24,54,0.8175346851348877
24,97,0.8004378080368042
24,105,0.8216333985328674
24,107,0.7870455384254456
24,129,0.8220657706260681
24,140,0.832442045211792
25,26,0.7842939496040344
25,39,0.7289896011352539
25,48,0.753040075302124
25,101,0.7293752431869507
25,102,0.7413115501403809
25,103,0.7361271381378174
25,107,0.7471888661384583
25,129,0.7439318895339966
25,162,0.7291412949562073
25,180,0.7350209951400757
25,181,0.7570760846138
25,185,0.7493360042572021
25,195,0.7485898733139038
26,33,0.8065871000289917
26,72,0.788803219795227
26,101,0.8426084518432617
26,136,0.7393747568130493
26,151,0.8151712417602539
26,153,0.8075005412101746
26,156,0.8017246127128601
26,162,0.8136997222900391
26,164,0.8556507229804993
26,167,0.7960132956504822
26,172,0.7836537957191467
26,179,0.727269172668457
26,184,0.8499314785003662
26,191,0.7732616662979126
26,195,0.7897410988807678
26,196,0.8150120973587036
26,199,0.7499206066131592
27,33,0.7417577505111694
27,47,0.739476203918457
27,48,0.8168769478797913
27,85,0.7395970821380615
27,88,0.7554731369018555
27,145,0.7481699585914612
27,156,0.7648135423660278
27,157,0.6659358739852905
27,167,0.7388678789138794
27,168,0.7591426372528076
27,188,0.7360478639602661
27,197,0.7523137927055359
28,33,0.6966809034347534
28,38,0.7165184020996094
28,84,0.6925173997879028
28,86,0.6909120082855225
28,125,0.737342357635498
28,134,0.7055256366729736
28,141,0.7028758525848389
28,148,0.7346627712249756
28,170,0.7278965711593628
28,171,0.7006747722625732
28,173,0.6934489011764526
28,183,0.7124142646789551
28,192,0.696837306022644
28,193,0.7563849687576294
29,31,0.7608357667922974
29,38,0.8128817081451416
29,44,0.8408516049385071
29,54,0.8038266897201538
29,58,0.8214859962463379
29,62,0.7911807298660278
29,71,0.7942476868629456
29,86,0.7716017961502075
29,121,0.7275090217590332
29,125,0.7173435688018799
29,140,0.8603138327598572
29,141,0.7733713388442993
29,148,0.747775673866272
29,155,0.8141170740127563
29,170,0.7047244310379028
29,171,0.7994831204414368
29,173,0.7557602524757385
29,179,0.7199389934539795
30,31,0.8104967474937439
30,38,0.8023873567581177
30,45,0.8203966021537781
30,50,0.7866385579109192
30,51,0.7339696884155273
30,69,0.7738615274429321
30,71,0.778321385383606
30,77,0.7695708274841309
30,78,0.7968842387199402
30,79,0.8260712027549744
30,84,0.7486794590950012
30,91,0.7566860318183899
30,117,0.7763192653656006
30,134,0.7612061500549316
30,148,0.7658531665802002
30,159,0.7879925966262817
30,170,0.7283715009689331
30,173,0.7419788241386414
30,178,0.769869863986969
30,179,0.7504749894142151
30,186,0.7601072192192078
30,192,0.7981747984886169
30,198,0.7277359962463379
31,38,0.8060198426246643
31,45,0.8347367644309998
31,49,0.7769621014595032
31,50,0.7526748180389404
31,71,0.7537454962730408
31,78,0.7806429862976074
31,86,0.7454788684844971
31,90,0.746408224105835
31,91,0.7525824308395386
31,99,0.7525230050086975
31,134,0.7518097162246704
31,141,0.7802739143371582
31,148,0.7541728615760803
31,170,0.7070870399475098
31,173,0.7566860914230347
31,179,0.7590773105621338
31,192,0.7500988245010376
32,40,0.8223128318786621
32,41,0.8086472153663635
32,42,0.8150951266288757
32,44,0.8208335041999817
32,52,0.8168047070503235
32,54,0.8148847818374634
32,62,0.7587133049964905
32,64,0.8123923540115356
32,71,0.8200971484184265
32,76,0.8196064829826355
32,81,0.8388729095458984
32,98,0.6858268976211548
32,140,0.8178019523620605
32,178,0.8402206897735596
33,34,0.7638222575187683
33,39,0.7878692150115967
33,58,0.7818573713302612
33,62,0.7720717787742615
33,68,0.67193603515625
33,72,0.8030193448066711
33,97,0.7889584302902222
33,125,0.7407180070877075
33,136,0.7501976490020752
33,139,0.7907022833824158
33,140,0.7918299436569214
33,151,0.7996770143508911
33,153,0.7906538248062134
33,157,0.6973894834518433
33,161,0.7775811553001404
33,163,0.7625035047531128
33,164,0.796714186668396
33,167,0.8139458298683167
33,174,0.7568157911300659
33,179,0.7393411993980408
33,184,0.7964144945144653
33,191,0.7810019850730896
34,39,0.8306345343589783
34,130,0.7712666988372803
34,135,0.7740029096603394
34,136,0.7408844232559204
34,137,0.7704943418502808
34,143,0.7640808820724487
34,145,0.7846310138702393
34,153,0.7603135108947754
34,154,0.7616730332374573
34,191,0.745651125907898
35,38,0.8184354901313782
35,39,0.8025801777839661
35,48,0.8146007061004639
35,56,0.7810261249542236
35,94,0.756568193435669
35,99,0.7749459743499756
35,102,0.7746062278747559
35,113,0.8171111345291138
35,114,0.7934429049491882
35,115,0.7737308740615845
35,130,0.7908399105072021
35,142,0.7139579057693481
35,182,0.7553678154945374
35,185,0.7901339530944824
36,60,0.7555656433105469
36,61,0.7644946575164795
36,65,0.741166353225708
36,77,0.7509478330612183
36,85,0.7332835793495178
36,88,0.7591778635978699
36,89,0.7333114147186279
36,99,0.7333676218986511
36,105,0.7400100231170654
36,108,0.7358659505844116
36,111,0.7352567911148071
36,144,0.7239772081375122
36,158,0.7370073795318604
36,159,0.7231178283691406
36,165,0.7237323522567749
37,41,0.8014066219329834
37,43,0.7953528761863708
37,52,0.8129788637161255
37,63,0.8107454180717468
37,75,0.8223084211349487
37,76,0.840097963809967
37,80,0.8202981948852539
37,87,0.8383196592330933
37,110,0.8095223903656006
37,132,0.8126566410064697
37,137,0.8212437629699707
37,144,0.7965801954269409
37,147,0.7944763898849487
37,171,0.7926257848739624
37,175,0.8741352558135986
38,44,0.8002934455871582
38,45,0.7803202271461487
38,62,0.7648136019706726
38,71,0.8073685765266418
38,78,0.8025033473968506
38,79,0.7581645846366882
38,82,0.8043495416641235
38,86,0.8155613541603088
38,91,0.7646101117134094
38,99,0.8192776441574097
38,104,0.7724950909614563
38,113,0.804889976978302
38,114,0.8721769452095032
38,121,0.7374038696289062
38,125,0.7283318042755127
38,141,0.791225790977478
38,142,0.7409049272537231
38,148,0.821079671382904
38,163,0.7623088955879211
38,166,0.7207104563713074
38,170,0.7041432857513428
38,173,0.7567452192306519
38,182,0.7692822813987732
38,183,0.7730307579040527
38,192,0.7431020736694336
38,198,0.7356976270675659
39,44,0.8217585682868958
39,55,0.7528114318847656
39,72,0.800141453742981
39,95,0.8094145059585571
39,96,0.7900787591934204
39,97,0.8063291907310486
39,100,0.8126993775367737
39,113,0.8180280327796936
39,115,0.8238248825073242
39,129,0.8159593343734741
39,130,0.8273411393165588
39,135,0.7422882318496704
39,136,0.744225025177002
39,139,0.804575502872467
39,142,0.7103652954101562
39,143,0.822280764579773
39,185,0.8463243246078491
39,191,0.7548286318778992
39,199,0.7613517045974731
40,41,0.8470456004142761
40,42,0.8828697204589844
40,44,0.8809877634048462
40,53,0.8401123881340027
40,54,0.8705438375473022
40,57,0.856335461139679
40,62,0.7572685480117798
40,66,0.8409044742584229
40,72,0.7856582403182983
40,74,0.7553422451019287
40,81,0.7854068279266357
40,95,0.814924955368042
40,99,0.8266168832778931
40,100,0.8540939092636108
40,102,0.7712816596031189
40,112,0.8585493564605713
40,129,0.8511006236076355
40,130,0.8363578915596008
40,133,0.8366427421569824
40,138,0.8621625304222107
40,140,0.8405327200889587
40,147,0.8401481509208679
40,155,0.865362286567688
40,180,0.783591628074646
40,181,0.8438709378242493
40,185,0.830944836139679
41,42,0.8692784309387207
41,43,0.8920363783836365
41,53,0.8343141674995422
41,54,0.8407577276229858
41,57,0.8428933024406433
41,64,0.8175666332244873
41,66,0.8699354529380798
41,71,0.8230553865432739
41,74,0.7704522609710693
41,75,0.8452256321907043
41,76,0.8472757339477539
41,77,0.7851110696792603
41,79,0.7562326192855835
41,80,0.8345562815666199
41,83,0.8475302457809448
41,89,0.8306725025177002
41,106,0.8274659514427185
41,110,0.843162477016449
41,111,0.8116785287857056
41,117,0.7966448664665222
41,120,0.7977968454360962
41,126,0.8317068815231323
41,137,0.8474175333976746
41,139,0.8018375635147095
41,144,0.8687673211097717
41,194,0.8346842527389526
42,43,0.8615499138832092
42,44,0.8508029580116272
42,54,0.8628267049789429
42,55,0.7582125067710876
42,57,0.8463467359542847
42,64,0.8381398916244507
42,65,0.7960442900657654
42,66,0.8382187485694885
42,97,0.8267979621887207
42,98,0.6794483065605164
42,99,0.8230092525482178
42,102,0.7758170366287231
42,103,0.7584714293479919
42,111,0.8177250623703003
42,112,0.869730532169342
42,113,0.8326733708381653
42,119,0.8349118232727051
42,138,0.8093894124031067
42,139,0.8442820906639099
42,144,0.793714165687561
42,147,0.8341203331947327
42,155,0.8317025899887085
42,189,0.7678650617599487
43,53,0.8447057008743286
43,54,0.8532513976097107
43,64,0.8266623616218567
43,77,0.7858604192733765
43,83,0.8189534544944763
43,89,0.8596580028533936
43,108,0.7884427309036255
43,111,0.8007628917694092
43,112,0.8302218914031982
43,119,0.8419243693351746
43,137,0.8193047642707825
43,139,0.833793044090271
43,144,0.8621406555175781
43,159,0.7533609867095947
43,177,0.8052506446838379
44,54,0.8824966549873352
44,57,0.8442566990852356
44,58,0.8086144924163818
44,59,0.8294236660003662
44,62,0.7598024606704712
44,66,0.8424219489097595
44,71,0.8291646242141724
44,82,0.8342963457107544
44,86,0.7828658819198608
44,110,0.8623223900794983
44,114,0.8197575807571411
44,119,0.8537589907646179
44,126,0.8272545337677002
44,129,0.8220491409301758
44,135,0.7511690855026245
44,137,0.8674044013023376
44,138,0.824828028678894
44,139,0.8040315508842468
44,140,0.8600855469703674
44,143,0.875389814376831
44,147,0.8684535622596741
44,149,0.8263964653015137
44,154,0.8132583498954773
44,155,0.8881211876869202
44,194,0.8354213237762451
44,199,0.7608197331428528
45,49,0.7931258678436279
45,50,0.807814359664917
45,62,0.7785754203796387
45,69,0.8065669536590576
45,78,0.7793105244636536
45,79,0.7785520553588867
45,84,0.7756084203720093
45,90,0.7829932570457458
45,91,0.7440985441207886
45,93,0.7499369382858276
45,122,0.6850025057792664
45,124,0.7978441119194031
45,131,0.7685842514038086
45,134,0.8592014312744141
45,148,0.7673722505569458
45,170,0.7056764364242554
45,171,0.8008599877357483
45,173,0.7402613162994385
45,176,0.8492130041122437
45,183,0.827599287033081
45,192,0.7693702578544617
45,198,0.7253165245056152
46,47,0.7302314043045044
46,48,0.7749004364013672
46,49,0.7597939968109131
46,50,0.7737450003623962
46,65,0.7752920389175415
46,85,0.8318220376968384
46,88,0.8316953182220459
46,95,0.7815226316452026
46,108,0.8463221192359924
46,128,0.7808489799499512
46,130,0.8063546419143677
46,145,0.7994888424873352
46,146,0.7531343698501587
46,153,0.782132625579834
46,158,0.757939875125885
46,160,0.7492407560348511
46,164,0.7960100769996643
46,165,0.7880266308784485
46,167,0.8163480758666992
46,174,0.737239420413971
46,186,0.780701756477356
47,48,0.7733350992202759
47,85,0.7164453268051147
47,108,0.7303006052970886
47,128,0.7488871812820435
47,145,0.7398906946182251
47,156,0.7304662466049194
47,166,0.7352734804153442
47,174,0.7196934819221497
47,196,0.7464494109153748
47,197,0.7180788516998291
48,51,0.7470167875289917
48,56,0.81104975938797
48,85,0.768108606338501
48,88,0.8285526037216187
48,94,0.8052355051040649
48,101,0.7955485582351685
48,130,0.8236070275306702
48,142,0.736352264881134
48,145,0.824643075466156
48,146,0.7776561975479126
48,157,0.6978243589401245
48,160,0.746536910533905
48,163,0.772759735584259
48,166,0.7868555188179016
48,168,0.8095105886459351
48,169,0.7348771095275879
48,174,0.7405821084976196
48,182,0.8053523302078247
48,195,0.7800654172897339
48,196,0.7973008751869202
48,197,0.7714113593101501
49,50,0.8729294538497925
49,51,0.7954304218292236
49,61,0.774694561958313
49,85,0.755570650100708
49,88,0.7853854894638062
49,90,0.7674238085746765
49,105,0.7568181753158569
49,128,0.758923351764679
49,131,0.7942043542861938
49,134,0.7505369782447815
49,169,0.7500806450843811
50,51,0.8452426791191101
50,61,0.8200992345809937
50,64,0.7756420969963074
50,88,0.7640949487686157
50,90,0.786899983882904
50,93,0.7300102114677429
50,105,0.8177905082702637
50,123,0.6924784183502197
50,128,0.8065876960754395
50,131,0.810891330242157
50,134,0.7598387002944946
50,161,0.7650030851364136
50,169,0.742376446723938
50,176,0.7329487800598145
50,179,0.7456409931182861
50,197,0.787982702255249
50,198,0.7386680841445923
51,60,0.7475066184997559
51,61,0.7534448504447937
51,88,0.7583608627319336
51,105,0.7825292348861694
51,117,0.7343169450759888
51,127,0.7688018083572388
51,128,0.7517081499099731
51,131,0.7960767149925232
51,132,0.7437726259231567
51,134,0.7405717372894287
51,160,0.7323439121246338
52,57,0.8284263610839844
52,60,0.8122173547744751
52,63,0.9050673246383667
52,64,0.8181919455528259
52,67,0.8563864231109619
52,70,0.8383736610412598
52,75,0.890146791934967
52,76,0.8776742219924927
52,80,0.8996924757957458
52,83,0.8273629546165466
52,87,0.8814066052436829
52,109,0.822604775428772
52,110,0.8390838503837585
52,132,0.869720458984375
52,137,0.8479524254798889
52,143,0.8437228202819824
52,175,0.9106322526931763
52,178,0.7857294082641602
52,190,0.8159362077713013
53,54,0.842352032661438
53,57,0.856684684753418
53,74,0.7606069445610046
53,89,0.8029207587242126
53,96,0.7801841497421265
53,97,0.8064780831336975
53,100,0.8742678165435791
53,106,0.8182419538497925
53,109,0.8198771476745605
53,112,0.837459921836853
53,119,0.8540709018707275
53,120,0.8027012348175049
53,137,0.8335229158401489
53,143,0.8387947082519531
53,168,0.8188501596450806
53,180,0.7903345227241516
53,181,0.8372708559036255
53,190,0.8631865382194519
53,194,0.8279839754104614
54,57,0.8562071919441223
54,64,0.836415708065033
54,65,0.8240916132926941
54,82,0.8322741985321045
54,86,0.745735764503479
54,89,0.8152953386306763
54,97,0.8479795455932617
54,99,0.8544043302536011
54,102,0.7764126062393188
54,103,0.7555971145629883
54,104,0.7821987867355347
54,109,0.8246451616287231
54,111,0.8044196963310242
54,112,0.8344000577926636
54,119,0.8626154661178589
54,121,0.7383517026901245
54,140,0.8454946279525757
54,141,0.7761110067367554
54,143,0.8548597097396851
54,154,0.8183771371841431
54,155,0.8777954578399658
54,178,0.7834399938583374
54,181,0.8133071660995483
54,185,0.8045648336410522
54,190,0.8110268712043762
55,65,0.8062615990638733
55,96,0.797199010848999
55,97,0.7736974358558655
55,99,0.7525541186332703
55,102,0.7950845956802368
55,103,0.8895938396453857
55,104,0.7945842742919922
55,107,0.8462128639221191
55,129,0.7770367860794067
55,181,0.7539998292922974
56,65,0.7352142333984375
56,72,0.7830901741981506
56,73,0.7956607341766357
56,88,0.7623357176780701
56,94,0.9029674530029297
56,99,0.7754883766174316
56,142,0.7184644341468811
56,145,0.7598828673362732
56,153,0.7444158792495728
56,156,0.7384874820709229
56,158,0.7812686562538147
56,180,0.7449877262115479
56,182,0.8765316009521484
57,63,0.8701844811439514
57,64,0.8299323916435242
57,66,0.8610870838165283
57,70,0.8031152486801147
57,71,0.8240953683853149
57,74,0.7406635880470276
57,80,0.8370999693870544
57,82,0.8200622200965881
57,83,0.8225696682929993
57,99,0.8189106583595276
57,100,0.8474621772766113
57,105,0.8065508604049683
57,106,0.8163700699806213
57,109,0.8743422031402588
57,110,0.8458123207092285
57,119,0.842365562915802
57,120,0.8237277269363403
57,121,0.7428025007247925
57,123,0.7173082828521729
57,140,0.8509450554847717
57,143,0.8483871221542358
57,147,0.840965986251831
57,154,0.8140658140182495
57,181,0.8154494762420654
57,190,0.8581941723823547
58,62,0.801895797252655
58,68,0.6871905326843262
58,86,0.7444508671760559
58,122,0.6788914203643799
58,125,0.7358123064041138
58,135,0.7651808261871338
58,136,0.7647234201431274
58,139,0.7704088687896729
58,140,0.8272732496261597
58,143,0.7782191634178162
58,155,0.7838419079780579
58,191,0.7496293783187866
58,199,0.7494205236434937
59,82,0.8182687759399414
59,100,0.8231570720672607
59,110,0.8437933921813965
59,119,0.8446716666221619
59,123,0.688376784324646
59,126,0.819466769695282
59,127,0.840474009513855
59,137,0.8702988624572754
59,140,0.8324251174926758
59,143,0.8411834836006165
59,155,0.839350163936615
59,162,0.8368812799453735
59,180,0.7990397214889526
60,61,0.780142068862915
60,63,0.8206692934036255
60,64,0.7957833409309387
60,70,0.7986172437667847
60,71,0.7827092409133911
60,75,0.8277676105499268
60,76,0.7871805429458618
60,80,0.79502934217453
60,87,0.8052865862846375
60,105,0.829923152923584
60,110,0.8023027181625366
60,112,0.8006336688995361
60,117,0.7764507532119751
60,128,0.783894419670105
60,132,0.782231330871582
60,175,0.8025295734405518
61,65,0.8004641532897949
61,88,0.8219076991081238
61,105,0.7946715354919434
61,108,0.795508623123169
61,111,0.8067023754119873
61,128,0.8035611510276794
61,130,0.7737160325050354
61,153,0.8052622079849243
61,158,0.7544465065002441
61,160,0.7331172227859497
61,161,0.7759287357330322
61,165,0.8035383820533752
61,167,0.7778743505477905
61,168,0.7690967917442322
61,169,0.7195894718170166
61,197,0.7665989398956299
62,68,0.652908205986023
62,69,0.7519869804382324
62,71,0.7593482136726379
62,125,0.7203733921051025
62,137,0.7793378233909607
62,140,0.850951611995697
62,147,0.7629624605178833
62,148,0.7425126433372498
62,155,0.7687205076217651
62,173,0.7299296855926514
62,183,0.7684190273284912
63,64,0.8406628370285034
63,66,0.8283294439315796
63,67,0.8230238556861877
63,70,0.8602730631828308
63,71,0.8525933623313904
63,75,0.9041297435760498
63,76,0.8687013387680054
63,80,0.9074596166610718
63,87,0.8948655724525452
63,109,0.8500853776931763
63,110,0.8569552898406982
63,111,0.8002459406852722
63,120,0.7738890051841736
63,123,0.7074095010757446
63,132,0.8900866508483887
63,171,0.7773727774620056
63,175,0.9026778340339661
63,190,0.8292942047119141
64,65,0.8125278353691101
64,66,0.8348105549812317
64,77,0.8029695153236389
64,83,0.8219955563545227
64,97,0.8257970213890076
64,105,0.8076538443565369
64,110,0.8159486651420593
64,111,0.851933479309082
64,112,0.8452281951904297
64,117,0.7973411679267883
64,119,0.8259453773498535
64,140,0.8263977766036987
65,73,0.7754635810852051
65,77,0.7810956239700317
65,88,0.7942638397216797
65,96,0.7811805605888367
65,97,0.8486484289169312
65,99,0.8169317245483398
65,102,0.8142617344856262
65,103,0.79090815782547
65,104,0.8379863500595093
65,107,0.8087475299835205
65,111,0.8196993470191956
65,119,0.8179064393043518
65,182,0.7392029166221619
65,186,0.7971909046173096
66,67,0.8206443786621094
66,71,0.8247422575950623
66,75,0.8475040793418884
66,76,0.8340572118759155
66,77,0.7977041006088257
66,78,0.8072173595428467
66,80,0.8599467277526855
66,82,0.8451964259147644
66,83,0.8516203761100769
66,87,0.8240941762924194
66,92,0.8080152273178101
66,95,0.8321387767791748
66,98,0.6885678768157959
66,110,0.9021287560462952
66,111,0.7976826429367065
66,117,0.7763299942016602
66,119,0.8599041700363159
66,126,0.8408995866775513
66,137,0.8747817277908325
66,143,0.8360662460327148
66,144,0.8087121844291687
66,147,0.861320972442627
66,150,0.8315906524658203
66,154,0.8249895572662354
67,70,0.7811709642410278
67,71,0.7898834347724915
67,75,0.8648982048034668
67,76,0.840317964553833
67,78,0.7853062152862549
67,80,0.848906397819519
67,83,0.8005974292755127
67,87,0.8435839414596558
67,92,0.8184502124786377
67,110,0.8400088548660278
67,132,0.8011008501052856
67,137,0.8031840920448303
67,143,0.7940652370452881
67,175,0.8291624784469604
67,178,0.7805544137954712
68,69,0.6891318559646606
68,84,0.649458110332489
68,86,0.6448050737380981
68,93,0.6596272587776184
68,98,0.6543720364570618
68,118,0.7259620428085327
68,122,0.7514679431915283
68,124,0.7295893430709839
68,125,0.7132091522216797
68,170,0.6871585845947266
68,174,0.671943187713623
68,191,0.6681890487670898
69,79,0.7563154697418213
69,84,0.8354998826980591
69,92,0.7760583162307739
69,93,0.8709452748298645
69,122,0.6871404647827148
69,124,0.8748599290847778
69,125,0.7294754385948181
69,134,0.811496913433075
69,140,0.7515843510627747
69,148,0.7661371231079102
69,176,0.8294816613197327
69,183,0.7700280547142029
69,192,0.8023647665977478
69,193,0.7410870790481567
69,198,0.7500823736190796
70,71,0.805919349193573
70,75,0.860302209854126
70,80,0.866028904914856
70,87,0.8733681440353394
70,90,0.7677107453346252
70,109,0.8531489372253418
70,110,0.8358933329582214
70,123,0.7082814574241638
70,132,0.8316178321838379
70,175,0.8407286405563354
70,190,0.8130179643630981
71,74,0.7796702980995178
71,75,0.8394914269447327
71,76,0.8242819905281067
71,79,0.7591878175735474
71,80,0.8338446021080017
71,81,0.8226538896560669
71,82,0.8157156705856323
71,86,0.7479546070098877
71,87,0.8349819779396057
71,105,0.8008453845977783
71,106,0.8189988136291504
71,110,0.8904077410697937
71,114,0.8036147356033325
71,120,0.799193263053894
71,121,0.7524651288986206
71,123,0.7029943466186523
71,132,0.831117570400238
71,137,0.8213223814964294
71,143,0.8462353348731995
71,155,0.8256881833076477
71,171,0.7808564901351929
71,178,0.8073676824569702
72,73,0.7894991636276245
72,94,0.7879371643066406
72,95,0.7928190231323242
72,112,0.7888439893722534
72,113,0.8247858285903931
72,115,0.801122784614563
72,116,0.8073678612709045
72,133,0.7862189412117004
72,182,0.7437467575073242
72,191,0.7688869833946228
72,195,0.7781004905700684
73,77,0.809691309928894
73,78,0.7824568748474121
73,94,0.7578244209289551
73,95,0.7862824201583862
73,99,0.7857826352119446
73,112,0.7776920795440674
73,113,0.82126784324646
73,115,0.8240847587585449
73,137,0.7716448307037354
73,144,0.7853100299835205
73,153,0.7738117575645447
73,156,0.7940440773963928
73,180,0.7872933149337769
73,182,0.7597470283508301
73,198,0.7303085327148438
74,100,0.7747732996940613
74,106,0.8327752351760864
74,109,0.7629451155662537
74,110,0.7499728202819824
74,112,0.763800323009491
74,113,0.7473506331443787
74,120,0.829566240310669
74,133,0.7787509560585022
74,143,0.7417129278182983
74,194,0.7852854132652283
75,76,0.863742470741272
75,77,0.7744914293289185
75,78,0.8025298118591309
75,79,0.7755062580108643
75,80,0.9138400554656982
75,83,0.8229068517684937
75,87,0.9315788149833679
75,90,0.7570743560791016
75,92,0.7974586486816406
75,99,0.8273159861564636
75,109,0.8346413969993591
75,110,0.888944149017334
75,115,0.8149035573005676
75,117,0.7778416275978088
75,132,0.855905294418335
75,137,0.8471565246582031
75,144,0.7961689233779907
75,175,0.8670950531959534
75,178,0.7902200222015381
76,78,0.7899541258811951
76,80,0.8727880716323853
76,87,0.8441290259361267
76,100,0.8534542322158813
76,110,0.8632631897926331
76,130,0.8183996081352234
76,131,0.7339093685150146
76,132,0.8550505042076111
76,137,0.8569045066833496
76,143,0.8593892455101013
76,144,0.7991435527801514
76,147,0.8319418430328369
76,150,0.8123428821563721
76,171,0.7795429229736328
76,175,0.8916776180267334
77,83,0.7940667271614075
77,89,0.7840434312820435
77,90,0.7733176946640015
77,95,0.7990881204605103
77,110,0.7747217416763306
77,111,0.80879807472229
77,112,0.7897627353668213
77,113,0.78389573097229
77,144,0.8202863931655884
77,159,0.7708785533905029
77,170,0.7053132057189941
77,186,0.7663559913635254
77,198,0.7513119578361511
78,79,0.7855899333953857
78,84,0.7349135875701904
78,87,0.778651237487793
78,90,0.7716560959815979
78,91,0.7767466902732849
78,99,0.7966903448104858
78,110,0.8088880777359009
78,112,0.777397096157074
78,118,0.6741541624069214
78,141,0.7846544981002808
78,148,0.7449853420257568
78,176,0.7340567111968994
78,198,0.7599471807479858
79,91,0.7334288358688354
79,95,0.7564646005630493
79,99,0.7625455856323242
79,111,0.7700322866439819
79,112,0.7565900087356567
79,117,0.7758089900016785
79,144,0.7570916414260864
79,159,0.7598912715911865
79,192,0.7333870530128479
80,87,0.9053683876991272
80,90,0.7473349571228027
80,92,0.781769335269928
80,110,0.8888342380523682
80,132,0.8679997324943542
80,137,0.8462521433830261
80,143,0.8341485261917114
80,147,0.827488362789154
80,171,0.7937252521514893
80,175,0.8924319744110107
81,82,0.8102201223373413
81,83,0.827457070350647
81,109,0.7846642732620239
81,112,0.7791289687156677
81,114,0.7898207306861877
81,115,0.788345456123352
81,123,0.7043629884719849
81,130,0.7814800143241882
81,155,0.7860008478164673
81,178,0.822864294052124
82,92,0.7970544099807739
82,95,0.8305705189704895
82,98,0.7184107303619385
82,110,0.8348501324653625
82,114,0.8368605971336365
82,116,0.7776963710784912
82,118,0.6691844463348389
82,119,0.8592168092727661
82,121,0.8111873865127563
82,123,0.7258275747299194
82,128,0.8077389001846313
82,137,0.8391897082328796
82,152,0.7846918106079102
82,154,0.8099152445793152
82,155,0.8123224377632141
83,92,0.7862159609794617
83,111,0.8057323098182678
83,115,0.8043992519378662
83,117,0.7807762622833252
83,126,0.8095170259475708
83,137,0.8252884149551392
83,144,0.8361947536468506
83,154,0.8169436454772949
83,175,0.8114506602287292
83,178,0.814549446105957
84,93,0.823736846446991
84,122,0.6750584840774536
84,124,0.7955105304718018
84,134,0.7769434452056885
84,148,0.7542862892150879
84,161,0.7327929735183716
84,171,0.7305099964141846
84,176,0.7903367877006531
84,179,0.7307400703430176
84,183,0.7614485621452332
84,192,0.7711867094039917
84,193,0.7511117458343506
84,198,0.7262299060821533
85,88,0.8574116826057434
85,108,0.7886850833892822
85,128,0.7701578140258789
85,131,0.7381715774536133
85,145,0.7596727013587952
85,146,0.7445608973503113
85,158,0.7894350290298462
85,159,0.7674548625946045
85,160,0.7892622947692871
85,165,0.7553389072418213
85,167,0.7881216406822205
85,168,0.7503357529640198
85,182,0.726649284362793
85,186,0.7722144722938538
85,187,0.7593847513198853
86,91,0.7352356314659119
86,114,0.7903980016708374
86,118,0.6979699730873108
86,121,0.7380635738372803
86,125,0.7320407032966614
86,141,0.7775704860687256
86,148,0.7626047730445862
86,155,0.7586833238601685
86,161,0.7521401643753052
86,170,0.719989538192749
86,173,0.7594550848007202
87,90,0.7719405889511108
87,92,0.7913939952850342
87,93,0.7157533764839172
87,110,0.8737047910690308
87,132,0.8656785488128662
87,137,0.8471086025238037
87,171,0.8228732347488403
87,175,0.8824815154075623
88,94,0.736229419708252
88,99,0.7896907925605774
88,105,0.7898426055908203
88,108,0.8374921083450317
88,130,0.79386967420578
88,158,0.8392164707183838
88,160,0.7747381925582886
88,163,0.7696214914321899
88,165,0.7886636257171631
88,168,0.7911329865455627
88,169,0.7127425074577332
88,182,0.7994471192359924
88,186,0.8044180870056152
89,95,0.8083028197288513
89,100,0.7983936071395874
89,111,0.8006284236907959
89,112,0.8102684020996094
89,117,0.8076981902122498
89,119,0.7977064847946167
89,126,0.8533782958984375
89,137,0.7973742485046387
89,144,0.8527885675430298
89,159,0.7620254755020142
89,186,0.7853118777275085
89,194,0.8047749400138855
90,91,0.7206480503082275
90,92,0.8110746145248413
90,93,0.7634948492050171
90,110,0.7607380747795105
90,124,0.7454637289047241
90,198,0.7650153040885925
91,118,0.6869968175888062
91,122,0.7194254398345947
91,124,0.7346649765968323
91,125,0.7213805913925171
91,141,0.7578326463699341
91,148,0.8356638550758362
91,173,0.763882040977478
91,192,0.8245282769203186
91,193,0.754091739654541
92,93,0.7735430002212524
92,95,0.8051750659942627
92,110,0.8316778540611267
92,119,0.7894178032875061
92,124,0.7540569305419922
92,126,0.7932395935058594
92,137,0.8024576306343079
92,155,0.7841801047325134
92,198,0.7805505990982056
93,123,0.7251400351524353
93,124,0.8264429569244385
93,134,0.800879180431366
93,171,0.7138221859931946
93,176,0.8133039474487305
93,183,0.7454783916473389
93,198,0.742155909538269
94,99,0.7454299330711365
94,129,0.7210170030593872
94,142,0.7287212610244751
94,158,0.7715456485748291
94,167,0.7194960117340088
94,180,0.7323769927024841
94,181,0.7216140031814575
94,182,0.8698629140853882
95,97,0.81258225440979
95,110,0.8368545174598694
95,112,0.8531408905982971
95,113,0.8564357757568359
95,115,0.8319895267486572
95,116,0.8305591940879822
95,119,0.8263884782791138
95,130,0.8202440738677979
95,143,0.8145829439163208
95,164,0.7997089624404907
96,97,0.8063365817070007
96,99,0.7818140387535095
96,100,0.79596346616745
96,102,0.7847455739974976
96,103,0.7777493596076965
96,107,0.7922069430351257
96,112,0.7750726342201233
96,113,0.7820807695388794
96,119,0.7839893698692322
96,129,0.7860791683197021
96,189,0.7946037650108337
97,99,0.849943995475769
97,102,0.8136672973632812
97,103,0.77695631980896
97,104,0.8085871934890747
97,107,0.7975948452949524
97,111,0.8222935795783997
97,112,0.844851553440094
97,113,0.8177313208580017
97,116,0.7723577618598938
97,119,0.8200984597206116
97,186,0.7556164264678955
98,113,0.6799907684326172
98,114,0.7260598540306091
98,118,0.7376285791397095
98,119,0.6851818561553955
98,121,0.7073254585266113
98,122,0.6941514015197754
98,141,0.679405927658081
98,152,0.6889294385910034
98,170,0.6791335940361023
99,100,0.8477368354797363
99,102,0.8397128582000732
99,103,0.7755586504936218
99,104,0.8004297018051147
99,105,0.8112989664077759
99,107,0.8109720945358276
99,108,0.8002229928970337
99,111,0.8215181231498718
99,112,0.8418229818344116
99,140,0.8154422044754028
99,142,0.7278628349304199
99,155,0.8253961801528931
99,163,0.7544386386871338
99,181,0.8240971565246582
99,182,0.8012821674346924
100,103,0.7805919051170349
100,104,0.7781516909599304
100,105,0.7991389632225037
100,106,0.8052585124969482
100,107,0.7849195599555969
100,109,0.8204249143600464
100,112,0.8550455570220947
100,113,0.8462732434272766
100,120,0.8009302020072937
100,127,0.8335419297218323
100,129,0.8772278428077698
100,130,0.849563717842102
100,133,0.8549818992614746
100,138,0.8233194351196289
100,143,0.8686844110488892
100,149,0.8328147530555725
100,155,0.8406753540039062
100,180,0.8075190186500549
100,181,0.8589435815811157
100,185,0.8271484375
100,189,0.7720797061920166
100,190,0.8193131685256958
100,194,0.8661068081855774
101,128,0.8057710528373718
101,130,0.8108521699905396
101,136,0.7355026006698608
101,151,0.815751314163208
101,152,0.8197512030601501
101,153,0.8031702041625977
101,156,0.8261085152626038
101,157,0.676472544670105
101,161,0.7775564193725586
101,164,0.8159093856811523
101,166,0.7257254123687744
101,168,0.8261151313781738
101,172,0.8016836643218994
101,174,0.7393219470977783
101,184,0.8568676114082336
101,188,0.7788500189781189
101,191,0.7341940402984619
101,195,0.8398056030273438
101,196,0.847873330116272
101,197,0.7734702229499817
101,199,0.7405602931976318
102,103,0.8250420093536377
102,104,0.8267719745635986
102,107,0.8396992683410645
102,112,0.7707300782203674
102,119,0.7700130939483643
103,104,0.8098293542861938
103,107,0.8920128345489502
103,129,0.7955845594406128
103,181,0.7921274900436401
104,107,0.8161842823028564
104,119,0.775434136390686
104,127,0.7895525097846985
104,140,0.7711910605430603
105,106,0.7875252962112427
105,117,0.7826958894729614
105,127,0.8304617404937744
105,128,0.8148596286773682
105,130,0.800186812877655
105,131,0.7403206825256348
105,140,0.8317427635192871
105,163,0.7512322664260864
105,181,0.7980602979660034
105,182,0.7439131140708923
106,112,0.8043091297149658
106,120,0.9082235097885132
106,121,0.7362833023071289
106,133,0.7886310815811157
106,140,0.7935366630554199
106,143,0.7863332033157349
106,194,0.8231997489929199
107,129,0.8020058870315552
107,140,0.7809263467788696
107,181,0.8341445922851562
108,128,0.8238407373428345
108,130,0.8343438506126404
108,141,0.8167285919189453
108,153,0.8027247190475464
108,156,0.8007054924964905
108,158,0.7592281103134155
108,159,0.7431528568267822
108,161,0.7759160995483398
108,163,0.7772560119628906
108,164,0.8076727390289307
108,167,0.7883027195930481
108,168,0.7878350615501404
108,169,0.7191321849822998
108,174,0.7685767412185669
108,178,0.7958617210388184
108,186,0.7797536253929138
109,110,0.8406089544296265
109,112,0.8237447738647461
109,119,0.8260359168052673
109,120,0.8111088275909424
109,143,0.8368117213249207
109,190,0.8798632025718689
110,112,0.8600677847862244
110,113,0.8657351732254028
110,115,0.8158754706382751
110,116,0.772786021232605
110,117,0.7868492603302002
110,119,0.8579269051551819
110,126,0.8370965719223022
110,128,0.8061093688011169
110,132,0.8250622153282166
110,133,0.8280460834503174
110,137,0.8955606818199158
110,143,0.8737868666648865
110,147,0.8477651476860046
110,149,0.8498435020446777
110,150,0.829750120639801
110,154,0.8284672498703003
110,155,0.8573256731033325
110,171,0.7779257297515869
110,175,0.8558303117752075
110,178,0.7947959899902344
110,180,0.7876067161560059
110,194,0.855353057384491
110,198,0.7385194301605225
111,112,0.8499037623405457
111,117,0.796438992023468
111,159,0.7459418773651123
111,178,0.7842526435852051
111,186,0.7700258493423462
112,113,0.8653924465179443
112,115,0.8095282912254333
112,116,0.7789450883865356
112,119,0.8297920823097229
112,130,0.8266324996948242
112,133,0.8269774913787842
112,138,0.8221746683120728
112,143,0.8311331272125244
112,154,0.8157655596733093
112,178,0.7872986793518066
112,180,0.802139163017273
112,181,0.8141173124313354
112,185,0.8128925561904907
113,114,0.8161415457725525
113,115,0.8605707287788391
113,116,0.8295813798904419
113,119,0.8408318758010864
113,120,0.7667328119277954
113,133,0.8272812366485596
113,137,0.8264755606651306
113,138,0.82612144947052
113,139,0.8258470296859741
113,142,0.7088857889175415
113,143,0.8538329601287842
113,149,0.8328597545623779
113,155,0.8472288250923157
113,177,0.78529292345047
113,180,0.8116272687911987
113,185,0.8207282423973083
113,189,0.7959245443344116
113,194,0.8329871296882629
114,118,0.6580324172973633
114,119,0.8016357421875
114,121,0.7459084987640381
114,141,0.7865394949913025
114,143,0.8017212152481079
114,155,0.8142975568771362
115,133,0.8081694841384888
115,137,0.8086745738983154
115,139,0.8273252844810486
115,143,0.8236979246139526
115,154,0.8151290416717529
115,155,0.8202080726623535
116,119,0.7808260917663574
116,138,0.7920694351196289
116,139,0.7745686769485474
116,154,0.7673349976539612
116,191,0.788438618183136
116,196,0.7720770835876465
117,126,0.8157241344451904
117,144,0.8084468841552734
117,159,0.7995467185974121
117,178,0.7849736213684082
117,186,0.7678632140159607
118,121,0.7198697328567505
118,122,0.7808431386947632
118,125,0.6580682992935181
118,141,0.6582855582237244
118,152,0.676838755607605
118,161,0.6501716375350952
118,170,0.6870407462120056
118,174,0.6968095898628235
119,121,0.7252582907676697
119,126,0.8174195885658264
119,127,0.8176411390304565
119,128,0.8105019927024841
119,137,0.886427104473114
119,143,0.8572556972503662
119,150,0.8139509558677673
119,154,0.8502748012542725
119,155,0.8489960432052612
119,168,0.8034724593162537
119,180,0.78858882188797
119,189,0.7993355393409729
119,190,0.8322613835334778
119,194,0.8235368728637695
120,121,0.7844278216362
120,123,0.6943056583404541
120,143,0.787418007850647
120,190,0.7918366193771362
120,194,0.8358505964279175
121,123,0.733065128326416
121,140,0.7339606285095215
121,143,0.7307389974594116
122,124,0.7245612740516663
122,125,0.7241054773330688
122,148,0.6913799047470093
122,170,0.7181292772293091
122,174,0.7103046178817749
122,192,0.6806464195251465
122,193,0.6825792789459229
123,132,0.7324774265289307
123,140,0.6904876232147217
123,190,0.737989068031311
124,134,0.7786662578582764
124,148,0.7646409869194031
124,171,0.7395445108413696
124,176,0.7888609170913696
124,183,0.7428707480430603
124,192,0.781691312789917
124,198,0.7363612651824951
125,148,0.7211843729019165
125,170,0.7246986031532288
125,173,0.7422738075256348
125,174,0.7343172430992126
125,179,0.714266300201416
125,192,0.7328497171401978
126,137,0.853900671005249
126,144,0.8353264927864075
126,149,0.8168975710868835
126,150,0.80731600522995
126,154,0.8135722875595093
126,178,0.7850260734558105
126,194,0.8404830694198608
126,198,0.7506548166275024
127,128,0.824353814125061
127,129,0.8399974703788757
127,137,0.8626466989517212
127,140,0.8484233617782593
127,150,0.8152316808700562
127,181,0.8258013129234314
127,189,0.779639482498169
127,193,0.7443457841873169
128,130,0.8403356075286865
128,131,0.7764841914176941
128,137,0.8374085426330566
128,146,0.7954939603805542
128,152,0.8453519344329834
128,153,0.8058494329452515
128,156,0.8190494775772095
128,160,0.7326703071594238
128,161,0.8468596339225769
128,162,0.822687029838562
128,166,0.7322069406509399
128,168,0.8180908560752869
128,169,0.715849757194519
128,184,0.8043725490570068
128,197,0.7654495239257812
129,133,0.8227642178535461
129,138,0.878362774848938
129,140,0.8517318367958069
129,142,0.7618200182914734
129,177,0.7976598143577576
129,180,0.8522562980651855
129,181,0.8983595371246338
129,185,0.8481295108795166
129,189,0.7744985818862915
130,143,0.8309935331344604
130,145,0.8008835315704346
130,146,0.8015897274017334
130,153,0.8044530749320984
130,155,0.8226515650749207
130,162,0.8088364601135254
130,163,0.7485413551330566
130,166,0.7466651201248169
130,168,0.8113200664520264
130,185,0.8114895224571228
130,195,0.7988114953041077
131,132,0.7385108470916748
131,134,0.7551462054252625
131,137,0.7290166616439819
131,171,0.767005443572998
131,176,0.7458114624023438
131,183,0.7860795259475708
132,134,0.7595356702804565
132,137,0.8186185359954834
132,143,0.8083219528198242
132,171,0.8275583386421204
132,175,0.9051117300987244
132,176,0.7713505625724792
132,178,0.7892373204231262
132,183,0.7731350064277649
132,193,0.744820773601532
133,137,0.8193840384483337
133,138,0.8408082127571106
133,143,0.852443277835846
133,147,0.8461636304855347
133,149,0.9051008224487305
133,150,0.8091316223144531
133,177,0.8247603178024292
133,185,0.8038274049758911
133,194,0.8342872262001038
134,171,0.8045140504837036
134,176,0.8353291749954224
134,183,0.8405423164367676
135,136,0.806226372718811
135,139,0.7331650853157043
135,191,0.7388659119606018
135,199,0.7558913230895996
136,145,0.7488973140716553
136,151,0.7547804117202759
136,166,0.7570611238479614
136,191,0.8113914132118225
136,196,0.7513233423233032
137,139,0.8325190544128418
137,140,0.8396248817443848
137,143,0.8631051182746887
137,144,0.8232052326202393
137,147,0.8509855270385742
137,149,0.8395982384681702
137,150,0.8828941583633423
137,154,0.871980607509613
137,155,0.8781041502952576
137,162,0.8232823014259338
137,171,0.7937920093536377
137,175,0.8695929646492004
137,177,0.8025269508361816
137,180,0.7849869132041931
137,183,0.7749292254447937
137,189,0.7994632720947266
138,142,0.7485097646713257
138,147,0.8159331679344177
138,155,0.8081585168838501
138,177,0.855984091758728
138,180,0.8158420324325562
138,181,0.8438732028007507
138,185,0.8188776969909668
138,189,0.783555805683136
139,147,0.8246647715568542
139,155,0.8141462206840515
139,177,0.7845776081085205
139,189,0.7927813529968262
140,147,0.8424735069274902
140,155,0.8469785451889038
140,170,0.7077345848083496
140,176,0.7339071035385132
140,180,0.7859396934509277
140,181,0.8351882696151733
140,193,0.7417821884155273
141,155,0.7720628976821899
141,161,0.7825254797935486
141,170,0.733384907245636
141,173,0.7259471416473389
141,174,0.7434331178665161
141,193,0.7403818368911743
142,146,0.7261642813682556
142,180,0.7337344884872437
142,181,0.7432558536529541
142,182,0.7158399820327759
143,147,0.8390344381332397
143,149,0.8475329875946045
143,150,0.807033896446228
143,155,0.8942346572875977
143,162,0.82923424243927
143,175,0.8518054485321045
143,185,0.8154202699661255
143,189,0.7870410084724426
143,190,0.8122580051422119
143,194,0.8500803112983704
144,150,0.8060349225997925
144,159,0.7659927010536194
144,177,0.7898236513137817
144,186,0.7652500867843628
145,151,0.8111149668693542
145,153,0.8472725749015808
145,156,0.8733003735542297
145,163,0.7633017301559448
145,165,0.8018975853919983
145,166,0.7936096787452698
145,167,0.793520987033844
145,172,0.8310227394104004
145,187,0.7941958904266357
145,188,0.8443760871887207
145,191,0.7336828708648682
145,195,0.7854626178741455
145,196,0.8363115787506104
145,199,0.7574563026428223
146,152,0.7541356086730957
146,157,0.6693644523620605
146,160,0.7637330293655396
146,161,0.7741600275039673
146,162,0.7507280111312866
146,166,0.7222080230712891
146,167,0.7644125819206238
146,168,0.7712005972862244
146,184,0.7540566325187683
146,195,0.7641469240188599
147,149,0.8079580068588257
147,150,0.8145034313201904
147,177,0.787315845489502
148,173,0.7382262349128723
148,183,0.7601974010467529
148,192,0.8518469929695129
148,193,0.7944221496582031
149,150,0.8111366033554077
149,155,0.8137818574905396
149,177,0.7884424328804016
149,194,0.8747533559799194
150,175,0.8405677676200867
150,177,0.791853666305542
151,152,0.7989747524261475
151,155,0.7965826392173767
151,156,0.8567613363265991
151,157,0.6737727522850037
151,161,0.7778482437133789
151,162,0.8539801836013794
151,164,0.855857789516449
151,165,0.8166325092315674
151,167,0.8031728267669678
151,172,0.8258606195449829
151,184,0.896227240562439
151,187,0.7683066129684448
151,188,0.7911851406097412
151,195,0.7798029184341431
151,196,0.7710968255996704
152,153,0.7972767353057861
152,156,0.8317381143569946
152,157,0.6657128930091858
152,161,0.8737983107566833
152,162,0.8284592032432556
152,165,0.8085376024246216
152,167,0.8069971799850464
152,168,0.7895258665084839
152,169,0.7231709361076355
152,172,0.7956292629241943
152,174,0.7634857892990112
152,184,0.8071167469024658
152,188,0.7668275833129883
152,193,0.7455753087997437
152,197,0.8134275078773499
153,156,0.9256185293197632
153,157,0.6641285419464111
153,164,0.8108066320419312
153,165,0.80361008644104
153,167,0.8285019397735596
153,168,0.8065589666366577
153,172,0.8857463598251343
153,187,0.796466052532196
153,188,0.8525998592376709
153,191,0.7202069759368896
154,155,0.850981593132019
154,172,0.7871773838996887
154,177,0.7905297875404358
155,162,0.8283484578132629
155,166,0.7217102646827698
155,180,0.7995784878730774
155,185,0.8225365877151489
155,189,0.8081552982330322
155,199,0.7406688332557678
156,157,0.691447377204895
156,164,0.8272427916526794
156,165,0.8355533480644226
156,167,0.8061543703079224
156,168,0.8227142095565796
156,172,0.938948929309845
156,184,0.8280383944511414
156,187,0.8185021281242371
156,188,0.8894492387771606
156,195,0.7906802892684937
156,196,0.8124872446060181
156,197,0.7651169300079346
157,167,0.6784427165985107
157,168,0.7165071964263916
157,172,0.6732501983642578
157,181,0.6814442873001099
157,184,0.6809102296829224
158,159,0.8355211019515991
158,160,0.7803875803947449
158,163,0.7922052145004272
158,165,0.7895598411560059
158,167,0.752046525478363
158,182,0.8030527830123901
158,186,0.8236480355262756
159,164,0.7442951202392578
159,165,0.7445535659790039
159,178,0.745458722114563
159,186,0.8692018985748291
160,161,0.7438787221908569
160,163,0.7299463152885437
160,165,0.7454578280448914
160,167,0.7748368978500366
160,186,0.7299824357032776
160,187,0.8021038174629211
161,162,0.8047151565551758
161,163,0.7603083252906799
161,167,0.8311941027641296
161,169,0.7898555994033813
161,174,0.7616683840751648
161,179,0.7642260789871216
161,184,0.8101271986961365
161,187,0.7619889974594116
161,193,0.7417866587638855
161,197,0.7905572652816772
162,164,0.8186972737312317
162,165,0.8129962086677551
162,167,0.8087025880813599
162,168,0.8117135167121887
162,184,0.8286388516426086
162,195,0.7728488445281982
163,169,0.7218281030654907
163,173,0.7472602128982544
163,174,0.7985806465148926
163,178,0.757540225982666
164,165,0.8588743209838867
164,167,0.838140606880188
164,168,0.8194642066955566
164,172,0.8344887495040894
164,174,0.7517452239990234
164,184,0.8233895301818848
164,186,0.7558786869049072
164,187,0.7770615220069885
164,188,0.7860718369483948
164,196,0.775027871131897
165,167,0.819458544254303
165,168,0.8213748335838318
165,172,0.8383114337921143
165,174,0.7376624941825867
165,184,0.8130070567131042
165,187,0.7913797497749329
165,188,0.8103194236755371
165,195,0.8067091703414917
165,196,0.776657223701477
165,197,0.7728045582771301
166,184,0.7194390296936035
166,195,0.7309613227844238
166,196,0.7585175633430481
167,168,0.8293986916542053
167,169,0.7098255157470703
167,172,0.80967116355896
167,179,0.7195766568183899
167,184,0.8018017411231995
167,187,0.8308968544006348
167,188,0.8055163621902466
168,172,0.8125194311141968
168,181,0.803676187992096
168,187,0.7887473702430725
168,188,0.8088154196739197
169,174,0.766274094581604
169,179,0.7174891233444214
169,197,0.7577204704284668
170,173,0.700008749961853
170,174,0.7249629497528076
170,179,0.7155226469039917
171,175,0.8221138119697571
171,176,0.7932277917861938
171,183,0.8253619074821472
172,184,0.7981178164482117
172,187,0.8079141974449158
172,188,0.8563691973686218
172,195,0.7796057462692261
172,196,0.7752224206924438
173,179,0.7465826272964478
173,192,0.7255668044090271
173,193,0.7564467191696167
174,184,0.7413442134857178
174,196,0.7708263993263245
174,197,0.8208578824996948
175,176,0.7369369864463806
175,190,0.8202003240585327
176,183,0.8551607728004456
179,192,0.7170195579528809
179,193,0.7499070167541504
180,181,0.8469748497009277
180,182,0.7439759969711304
181,185,0.8282893896102905
183,192,0.7182590365409851
184,187,0.7836914658546448
184,195,0.8083494901657104
184,196,0.8267723321914673
184,197,0.7855663299560547
185,189,0.7750720977783203
187,188,0.7733057737350464
188,195,0.7696963548660278
188,196,0.7778105735778809
191,196,0.7483559846878052
192,193,0.7815782427787781
195,196,0.8710293173789978
196,197,0.7671513557434082
